PD_MODEL_VERSION;LastPerformingModel
PDFTWW01;PSMENL04
PDFTWW01;687501.0
PDFTWW01;PGSSWW06
PDFTWW01;2407696.0
PDFTWW01;1214543.0
PDFTWW01;744828.0
PDFTWW01;643895.0
PDFTWW01;777581.0
PDCRNL00;501700.0
PDFTWW01;2407684.0
PDCRNL00;576038.0
PDFTWW01;213801.0
PDFTWW01;745266.0
PDFTWW01;750849.0
PDCRNL00;767415.0
PDFTWW01;755169.0
PDFTWW01;757032.0
PDFTWW01;371228.0
PDFTWW01;773621.0
PDFTWW01;651639.0
PGRAWW00;738313.0
PDFTWW01;350224.0
PDFTWW01;631768.0
PDFTWW01;1314294.0
PDFTWW01;PBM
PDFTWW01;772511.0
PDFTWW01;1233861.0
PDFTWW01;2118448.0
PDFTWW01;760961.0
PDFTWW01;775848.0
PDFTWW01;340385.0
PDFTWW01;1047514.0
PDFTWW01;773514.0
PDFTWW01;1895323.0
PDCRNL00;770503.0
PDFTWW01;324646.0
PDFTWW01;324620.0
PDFTWW01;2277199.0
PDFTWW01;2255779.0
PDFTWW01;1313698.0
PDCRNL00;770748.0
PDFTWW01;PCREWW02
PDCRNL00;775584.0
PDFTWW01;PBNKWW09
PDFTWW01;924268.0
PDFTWW01;1251669.0
PDFTWW01;213688.0
PDFTWW01;2278799.0
PDFTWW01;1504564.0
PDFTWW01;1250963.0
PDFTWW01;777148.0
PDCRNL00;768472.0
PDFTWW01;1083089.0
PDCRNL00;758237.0
PDFTWW01;921858.0
PDFTWW01;644708.0
PDFTWW01;1990158.0
PDFTWW01;2407681.0
PDFTWW01;1902795.0
PDCRNL00;489079.0
PDCRNL00;755809.0
PDFTWW01;772591.0
PDFTWW01;771445.0
PDFTWW01;1519029.0
PDFTWW01;1831450.0
PDFTWW01;776684.0
PDFTWW01;775886.0
PDFTWW01;324759.0
PDFTWW01;773715.0
PDFTWW01;2862754.0
PDFTWW01;1301541.0
PDFTWW01;323451.0
PDFTWW01;756741.0
PDFTWW01;776212.0
PGRAWW00;744849.0
PDFTWW01;894510.0
PDFTWW01;756985.0
PDFTWW01;2407686.0
PDFTWW01;922067.0
PDFTWW01;338592.0
PGRAWW00;666729.0
PDCRNL00;491969.0
PDFTWW01;346495.0
PDFTWW01;213686.0
PDFTWW01;756431.0
PDCRNL00;null
PDFTWW01;324259.0
PDFTWW01;745350.0
PDFTWW01;2407670.0
PDFTWW01;2704683.0
PDFTWW01;2796157.0
PDFTWW01;2862753.0
PDFTWW01;2411772.0
PDFTWW01;638214.0
PDFTWW01;2407685.0
PDFTWW01;213704.0
PDFTWW01;773534.0
PDFTWW01;332733.0
PDFTWW01;357292.0
PDFTWW01;1990160.0
PDFTWW01;969342.0
PDFTWW01;767332.0
PDFTWW01;340396.0
PDFTWW01;750256.0
PDFTWW01;745654.0
PDFTWW01;771127.0
PDFTWW01;777568.0
PDFTWW01;1527287.0
PDFTWW01;324634.0
PDFTWW01;771447.0
PDCRNL00;771986.0
PDCRNL00;769651.0
PDFTWW01;747329.0
PDFTWW01;971620.0
PGRAWW00;745845.0
PDFTWW01;629152.0
PDFTWW01;773424.0
PDFTWW01;333853.0
PDCRNL00;526480.0
PDFTWW01;631444.0
PDFTWW01;772517.0
PDCRNL00;770501.0
PDFTWW01;2790915.0
PDFTWW01;2777620.0
PDFTWW01;1075587.0
PDCRNL00;525746.0
PDFTWW01;2158777.0
PDFTWW01;998222.0
PDFTWW01;772466.0
PDFTWW01;352795.0
PDFTWW01;880961.0
PDFTWW01;632192.0
PDFTWW01;1021115.0
PDFTWW01;1992197.0
PDFTWW01;772481.0
PDFTWW01;628141.0
PDFTWW01;356014.0
PDFTWW01;1133529.0
PDFTWW01;761543.0
PDFTWW01;1228791.0
PDFTWW01;898857.0
PDFTWW01;689355.0
PDFTWW01;1657299.0
PDFTWW01;323122.0
PDFTWW01;213684.0
PDFTWW01;745093.0
PDFTWW01;372391.0
PDFTWW01;778418.0
PDFTWW01;936042.0
PDFTWW01;2330253.0
PDFTWW01;639717.0
PFSIWW05;PFSIWW05
PDFTWW01;PDCRNL06
PDFTWW01;752679.0
PDCRNL00;750432.0
PDFTWW01;777598.0
PDFTWW01;776246.0
PDFTWW01;1651155.0
PDCRNL00;771566.0
PDFTWW01;776678.0
PDFTWW01;1029145.0
PDFTWW01;2436132.0
PDFTWW01;629838.0
PDFTWW01;976025.0
PDFTWW01;777587.0
PDFTWW01;1676491.0
PDCRNL00;482905.0
PDFTWW01;356088.0
PDFTWW01;1883911.0
PDFTWW01;PAFIWW01
PDCRNL00;759443.0
PDFTWW01;321958.0
PDFTWW01;1075556.0
PDFTWW01;774685.0
PDFTWW01;747409.0
PDFTWW01;754614.0
PDFTWW01;1114559.0
PDFTWW01;777586.0
PDFTWW01;971685.0
PDCRNL00;752060.0
PDFTWW01;625609.0
PDFTWW01;772750.0
PDFTWW01;635655.0
PPRIWW00;769514.0
PGRAWW00;767112.0
PDFTWW01;821690.0
PDCRNL00;523504.0
PDFTWW01;901466.0
PDFTWW01;772832.0
PDFTWW01;372262.0
PDFTWW01;1990165.0
PSMEBE03;333103.0
PDCRNL00;471322.0
PDCRNL00;483343.0
PDFTWW01;651161.0
PDCRNL00;769218.0
PDFTWW01;635643.0
PDCRNL00;505081.0
PDFTWW01;650355.0
PDFTWW01;666835.0
PDFTWW01;2859399.0
PDFTWW01;2602679.0
PDFTWW01;971651.0
PDFTWW01;773380.0
PDFTWW01;649946.0
PDFTWW01;667082.0
PDCRNL00;770357.0
PDFTWW01;763056.0
PDFTWW01;773842.0
PDFTWW01;1038768.0
PDCRNL00;770866.0
PDFTWW01;370607.0
PGRAWW00;769358.0
PDCRNL00;753647.0
PDFTWW01;777403.0
PDFTWW01;644534.0
PDFTWW01;868499.0
PDCRNL00;769176.0
PDFTWW01;976023.0
PDFTWW01;2407680.0
PDFTWW01;773236.0
PDFTWW01;324327.0
PDFTWW01;631441.0
PDFTWW01;773195.0
PDFTWW01;627159.0
PDCRNL00;769119.0
PDFTWW01;1912848.0
PDFTWW01;PPMRNL03
PDFTWW01;2070057.0
PDFTWW01;777777.0
PDCRNL00;771510.0
PDFTWW01;941723.0
PDFTWW01;1170517.0
PDFTWW01;777532.0
PDFTWW01;2436130.0
PDFTWW01;2306831.0
PDFTWW01;317586.0
PDFTWW01;777622.0
PDCRNL00;483719.0
PDFTWW01;773558.0
PDFTWW01;751138.0
PDFTWW01;1114560.0
PDFTWW01;758229.0
PDFTWW01;1414772.0
PDFTWW01;900659.0
PDFTWW01;1983019.0
PDFTWW01;744659.0
PDFTWW01;2388715.0
PDFTWW01;777626.0
PDFTWW01;340716.0
PDFTWW01;PSTDWW02
PINLWW05;PINLWW05
PDFTWW01;2453080.0
PDFTWW01;776183.0
PDCRNL00;753077.0
PDFTWW01;1075565.0
PDFTWW01;1170529.0
PDFTWW01;370679.0
PDFTWW01;1088184.0
PDFTWW01;219654.0
PDFTWW01;879069.0
PDFTWW01;370394.0
PDFTWW01;742613.0
PDFTWW01;747452.0
PDFTWW01;1199106.0
PDFTWW01;775369.0
PDFTWW01;371235.0
PDFTWW01;628724.0
PDFTWW01;777410.0
PDFTWW01;220178.0
PDCRNL00;772163.0
PDCRNL00;502678.0
PDFTWW01;1195583.0
PDFTWW01;1029133.0
PDFTWW01;2277205.0
PDCRNL00;770913.0
PDFTWW01;642019.0
PDFTWW01;2046867.0
PGRAWW00;754415.0
PDFTWW01;618776.0
PDFTWW01;773574.0
PDFTWW01;744536.0
PDFTWW01;773392.0
PDFTWW01;2407697.0
PGRAWW00;762501.0
PDCRNL00;507858.0
PDCRNL00;520320.0
PDCRNL00;568252.0
PDFTWW01;773674.0
PDFTWW01;324619.0
PDFTWW01;2520638.0
PDFTWW01;993700.0
PDFTWW01;750025.0
PDCRNL00;491508.0
PDCRNL00;520304.0
PDFTWW01;1114563.0
PDFTWW01;1621852.0
PDFTWW01;629827.0
PDFTWW01;935403.0
PDFTWW01;774386.0
PFSPWW05;PFSPWW05
PDFTWW01;PDIAWW02
PDFTWW01;752554.0
PDFTWW01;299941.0
PDFTWW01;859501.0
PDFTWW01;773730.0
PDFTWW01;PSMRDK02
PDFTWW01;629841.0
PDFTWW01;2436135.0
PDFTWW01;2859398.0
PDFTWW01;773465.0
PONGWW03;PONGWW03
PDFTWW01;324645.0
PDFTWW01;773749.0
PPBPWW07;PPBPWW07
PDFTWW01;2288164.0
PDFTWW01;1075553.0
PDFTWW01;2340604.0
PDCRNL00;763093.0
PDFTWW01;754656.0
PDFTWW01;1176867.0
PDFTWW01;2428857.0
PDCRNL00;767189.0
PDFTWW01;658161.0
PDFTWW01;303130.0
PDFTWW01;300324.0
PDFTWW01;657400.0
PDFTWW01;775906.0
PDFTWW01;976013.0
PDFTWW01;752645.0
PDFTWW01;1902789.0
PDFTWW01;775988.0
PDFTWW01;777771.0
PDFTWW01;2411194.0
PDFTWW01;1562416.0
PLCRWW04;PLCRWW04
PDFTWW01;PPRIWW00
PDFTWW01;PPBMWW02
PDFTWW01;PPUBNL07
PDFTWW01;221645.0
PDFTWW01;775984.0
PDFTWW01;971647.0
PDFTWW01;750249.0
PDFTWW01;673184.0
PDCRNL00;473882.0
PDCRNL00;775374.0
PDFTWW01;1662789.0
PDFTWW01;636115.0
PDFTWW01;641356.0
PDFTWW01;901464.0
PDFTWW01;PDCRNL05
PGRAWW00;747713.0
PDFTWW01;773994.0
PDFTWW01;1075559.0
PDFTWW01;1314295.0
PDCRNL00;769904.0
PDFTWW01;2503664.0
PDFTWW01;629843.0
PDFTWW01;759983.0
PDFTWW01;666908.0
PDFTWW01;767599.0
PDFTWW01;718836.0
PDFTWW01;736248.0
PINNWW05;PINNWW05
PDFTWW01;649936.0
PSTDWW01;PSTDWW01
PDFTWW01;1075600.0
PDFTWW01;1458179.0
PDFTWW01;2407698.0
PDCRNL00;504076.0
PDFTWW01;775581.0
PDFTWW01;629409.0
PDFTWW01;1068105.0
PDFTWW01;2447566.0
PDFTWW01;618761.0
PDFTWW01;777046.0
PDFTWW01;356724.0
PDCRNL00;770740.0
PDFTWW01;971625.0
PDFTWW01;719029.0
PDFTWW01;PGSMWW00
PDFTWW01;2314465.0
PDFTWW01;213719.0
PDFTWW01;1239769.0
PDFTWW01;338221.0
PDFTWW01;352230.0
PDFTWW01;776464.0
PDCRNL00;579130.0
PDFTWW01;1088171.0
PDFTWW01;739968.0
PDFTWW01;1230674.0
PDFTWW01;742870.0
PDFTWW01;649948.0
PDFTWW01;1303170.0
PDCRNL00;485985.0
PDCRNL00;775672.0
PDFTWW01;772735.0
PDFTWW01;346501.0
PDFTWW01;772970.0
PDFTWW01;1029127.0
PDFTWW01;758846.0
PDFTWW01;1435301.0
PDCRNL00;569468.0
PDFTWW01;352845.0
PDFTWW01;773360.0
PDFTWW01;2114636.0
PDFTWW01;777561.0
PGSMWW00;PGSMWW00
PDFTWW01;772771.0
PDFTWW01;634839.0
PDFTWW01;773327.0
PDFTWW01;773332.0
PDFTWW01;1029134.0
PDFTWW01;2411773.0
PDFTWW01;1252579.0
PDFTWW01;771977.0
PDFTWW01;2181021.0
PDCRNL00;503400.0
PDFTWW01;641675.0
PDFTWW01;1068104.0
PDFTWW01;983571.0
PDFTWW01;947279.0
PDFTWW01;623040.0
PDFTWW01;777775.0
PDFTWW01;773006.0
PDFTWW01;775724.0
PDFTWW01;350636.0
PDFTWW01;213673.0
PDCRNL00;491308.0
PGRAWW00;769361.0
PDCRNL00;770865.0
PDFTWW01;755084.0
PDCRNL00;486585.0
PDFTWW01;947276.0
PDFTWW01;772729.0
PDFTWW01;PHCNNL02
PDFTWW01;772825.0
PDFTWW01;772670.0
PDFTWW01;1208289.0
PDCRNL00;568884.0
PDFTWW01;772811.0
PDFTWW01;351025.0
PDFTWW01;776912.0
PDFTWW01;2277201.0
PDFTWW01;756250.0
PDCRNL00;768114.0
PDFTWW01;1615312.0
PDFTWW01;766787.0
PDFTWW01;631443.0
PDFTWW01;774437.0
PDFTWW01;753323.0
PDFTWW01;1777967.0
PDFTWW01;658154.0
PDCRNL00;768547.0
PDFTWW01;764934.0
PDFTWW01;773070.0
PDFTWW01;341921.0
PDFTWW01;1208522.0
PDFTWW01;PGSMWW01
PDFTWW01;1872929.0
PDFTWW01;1283149.0
PDFTWW01;1902797.0
PDFTWW01;976007.0
PDFTWW01;707253.0
PDCRNL00;775718.0
PDFTWW01;PCREWW04
PDFTWW01;317829.0
PDFTWW01;327612.0
PDFTWW01;334342.0
PDCRNL00;495682.0
PDFTWW01;2145889.0
PDFTWW01;950692.0
PDFTWW01;976019.0
PDFTWW01;629835.0
PDFTWW01;1101344.0
PDFTWW01;772465.0
PDFTWW01;750022.0
PDFTWW01;1253987.0
PDCRNL00;480855.0
PDFTWW01;1973864.0
PDFTWW01;777631.0
PDCRNL00;752140.0
PDFTWW01;2498056.0
PDFTWW01;316849.0
PDCRNL00;775316.0
PDFTWW01;777910.0
PDFTWW01;651990.0
PDFTWW01;772676.0
PDFTWW01;2330251.0
PDFTWW01;2586155.0
PDFTWW01;213682.0
PDFTWW01;788614.0
PDFTWW01;1902607.0
PDFTWW01;756046.0
PDFTWW01;773344.0
PDFTWW01;777582.0
PDFTWW01;774971.0
PGRAWW00;754266.0
PDFTWW01;761091.0
PDFTWW01;1894870.0
PDFTWW01;1114561.0
PDFTWW01;745789.0
PDFTWW01;752910.0
PDFTWW01;1029136.0
PDFTWW01;350639.0
PDCRNL00;498583.0
PDFTWW01;208560.0
PDFTWW01;2693590.0
PGSMWW00;PGRAWW00
PDFTWW01;PGCGWW05
PDFTWW01;878601.0
PDCRNL00;771958.0
PDFTWW01;759393.0
PDFTWW01;356052.0
PDFTWW01;2540565.0
PDFTWW01;324765.0
PDFTWW01;356092.0
PDFTWW01;720350.0
PDFTWW01;765279.0
PDFTWW01;629169.0
PDFTWW01;993633.0
PDFTWW01;2248281.0
PDFTWW01;772621.0
PDFTWW01;751224.0
PDFTWW01;2407701.0
PDFTWW01;PPUBNL09
PDFTWW01;PLCRWW01
PDFTWW01;321870.0
PDFTWW01;763160.0
PDFTWW01;655144.0
PDCRNL00;770714.0
PDFTWW01;1546696.0
PDFTWW01;773010.0
PDFTWW01;350641.0
PDFTWW01;777608.0
PDFTWW01;PSHPWW02
PDFTWW01;629158.0
PDFTWW01;777584.0
PDFTWW01;751390.0
PDCRNL00;768602.0
PDFTWW01;293685.0
PDFTWW01;632750.0
PDCRNL00;770360.0
PDFTWW01;653007.0
PDFTWW01;993697.0
PDFTWW01;765369.0
PDFTWW01;2151055.0
PDFTWW01;1104273.0
PDFTWW01;777258.0
PDFTWW01;1075567.0
PDFTWW01;643897.0
PDFTWW01;629851.0
PDCRNL00;754087.0
PDFTWW01;2188619.0
PDFTWW01;756119.0
PDFTWW01;623622.0
PDFTWW01;976011.0
PDFTWW01;357916.0
PDFTWW01;1187916.0
PDFTWW01;1114558.0
PDFTWW01;972527.0
PDCRNL00;474238.0
PDCRNL00;516946.0
PDCRNL00;525430.0
PDCRNL00;769819.0
PDFTWW01;632262.0
PDFTWW01;787014.0
PDFTWW01;640978.0
PDFTWW01;324528.0
PDFTWW01;2438404.0
PDCRNL00;771164.0
PDCRNL00;769736.0
PDFTWW01;2525399.0
PDFTWW01;773293.0
PDFTWW01;742914.0
PDFTWW01;831804.0
PDFTWW01;969077.0
PDFTWW01;1283613.0
PDFTWW01;777352.0
PDFTWW01;1192619.0
PDFTWW01;993698.0
PDFTWW01;774675.0
PDFTWW01;658138.0
PDFTWW01;772598.0
PDCRNL00;770720.0
PDFTWW01;773204.0
PGRAWW00;728473.0
PDFTWW01;2440389.0
PDFTWW01;752280.0
PDFTWW01;PGCRWW01
PDFTWW01;921859.0
PDFTWW01;688718.0
PDFTWW01;213583.0
PDFTWW01;688594.0
PDFTWW01;1228790.0
PDFTWW01;PPRIWW04
PDFTWW01;773724.0
PDFTWW01;PSURNL01
PDFTWW01;333043.0
PDFTWW01;770064.0
PDFTWW01;308371.0
PDFTWW01;1112417.0
PDFTWW01;649449.0
PDCRNL00;576991.0
PDFTWW01;971657.0
PDCRNL00;512569.0
PDFTWW01;2407674.0
PDFTWW01;2407690.0
PDFTWW01;751637.0
PDFTWW01;721114.0
PDFTWW01;772571.0
PDCRNL00;496051.0
PDFTWW01;761960.0
PDFTWW01;1088172.0
PDFTWW01;1075557.0
PDFTWW01;PPRIWW06
PDFTWW01;333659.0
PDFTWW01;649943.0
PDFTWW01;756324.0
PDFTWW01;935405.0
PDCRNL00;513287.0
PDCRNL00;769798.0
PDFTWW01;1337468.0
PDFTWW01;2407663.0
PDFTWW01;2100116.0
PDFTWW01;773045.0
PDFTWW01;756379.0
PDCRNL00;775313.0
PDFTWW01;1075576.0
PDFTWW01;214217.0
PDCRNL00;549798.0
PDFTWW01;2388550.0
PDFTWW01;750927.0
PDFTWW01;750404.0
PDFTWW01;777594.0
PDFTWW01;PKPUWW01
PDFTWW01;2310886.0
PGRAWW00;748891.0
PDFTWW01;772480.0
PDFTWW01;1075569.0
PDFTWW01;1075591.0
PDFTWW01;754113.0
PGRAWW00;769343.0
PFRRWW01;PDCRNL06
PDFTWW01;PPBMWW01
PDFTWW01;636143.0
PDFTWW01;639708.0
PDFTWW01;1231428.0
PDCRNL00;770047.0
PDFTWW01;2424125.0
PDFTWW01;998221.0
PDCRNL00;770698.0
PDCRNL00;769847.0
PDFTWW01;2644267.0
PDFTWW01;1231429.0
PDFTWW01;2288165.0
PDFTWW01;666984.0
PDFTWW01;652815.0
PDFTWW01;331142.0
PAFIWW01;null
PDFTWW01;667087.0
PPRIWW00;771420.0
PDFTWW01;757546.0
PDFTWW01;711700.0
PDFTWW01;773198.0
PDFTWW01;350710.0
PDFTWW01;645337.0
PPRIWW00;614008.0
PDFTWW01;777476.0
PDFTWW01;777617.0
PDFTWW01;753809.0
PDFTWW01;356045.0
PDFTWW01;835687.0
PDFTWW01;773023.0
PDFTWW01;1068095.0
PDFTWW01;2101243.0
PDFTWW01;754353.0
PDFTWW01;1062379.0
PDCRNL00;769588.0
PDFTWW01;1044945.0
PDFTWW01;761297.0
PDFTWW01;976010.0
PDFTWW01;1029135.0
PDCRNL00;471660.0
PDFTWW01;649944.0
PDFTWW01;771082.0
PDFTWW01;895012.0
PDFTWW01;745591.0
PDFTWW01;640988.0
PDFTWW01;1902793.0
PDFTWW01;1414780.0
PDFTWW01;705278.0
PDFTWW01;657990.0
PDFTWW01;1617030.0
PDFTWW01;1432082.0
PDFTWW01;1052302.0
PDFTWW01;772787.0
PDFTWW01;774442.0
PDFTWW01;1749720.0
PGRAWW00;747462.0
PDFTWW01;749615.0
PDFTWW01;362770.0
PDCRNL00;760530.0
PDFTWW01;744673.0
PDFTWW01;2411180.0
PDFTWW01;657589.0
PDFTWW01;2520636.0
PDFTWW01;744332.0
PDFTWW01;773183.0
PDFTWW01;1230687.0
PDFTWW01;341927.0
PDCRNL00;766240.0
PDFTWW01;636334.0
PDFTWW01;1605529.0
PDFTWW01;2387127.0
PDCRNL00;769543.0
PDFTWW01;1088183.0
PDFTWW01;352432.0
PGRAWW00;669729.0
PGRAWW00;747521.0
PDFTWW01;649947.0
PBNEWW01;PBNEWW01
PGRAWW00;null
PDFTWW01;324638.0
PDFTWW01;2100157.0
PDFTWW01;1068098.0
PGRAWW00;669730.0
PDFTWW01;628694.0
PDCRNL00;495252.0
PDFTWW01;747388.0
PDFTWW01;338536.0
PDFTWW01;324755.0
PDFTWW01;775379.0
PDFTWW01;1068106.0
PDFTWW01;1209292.0
PDCRNL00;769229.0
PDFTWW01;1621853.0
PDFTWW01;975668.0
PDFTWW01;983573.0
PDFTWW01;777827.0
PDFTWW01;2277198.0
PDFTWW01;965374.0
PDFTWW01;761716.0
PDFTWW01;316854.0
PDFTWW01;1029124.0
PDFTWW01;341321.0
PDFTWW01;2142662.0
PDFTWW01;351141.0
PDCRNL00;509368.0
PGRAWW00;668228.0
PDFTWW01;338214.0
PDFTWW01;PNMAWW03
PDFTWW01;772950.0
PDFTWW01;323209.0
PDFTWW01;PCREWW03
PDCRNL00;565098.0
PDFTWW01;846021.0
PDFTWW01;754822.0
PDFTWW01;752490.0
PDFTWW01;755661.0
PDFTWW01;317585.0
PDFTWW01;1501183.0
PDFTWW01;PDIAWW03
PDFTWW01;1068097.0
PDFTWW01;772964.0
PDFTWW01;PNMAWW04
PDCRNL00;769971.0
PDFTWW01;2461981.0
PDFTWW01;1450793.0
PDFTWW01;1068092.0
PDFTWW01;2625027.0
PDCRNL00;756548.0
PDFTWW01;771909.0
PDFTWW01;322029.0
PDFTWW01;1088176.0
PDFTWW01;337980.0
PDFTWW01;2306826.0
PDFTWW01;2436133.0
PDFTWW01;324635.0
PDFTWW01;1014807.0
PDFTWW01;1462935.0
PDFTWW01;PGCGWW04
PDFTWW01;1928614.0
PDFTWW01;635653.0
PDFTWW01;776632.0
PDFTWW01;774680.0
PDFTWW01;PCRPWW02
PDFTWW01;2172244.0
PDFTWW01;773823.0
PDFTWW01;772637.0
PDFTWW01;352917.0
PDFTWW01;1075575.0
PDFTWW01;362176.0
PDCRNL07;PDCRNL07
PDFTWW01;773377.0
PDFTWW01;976018.0
PDFTWW01;776847.0
PDFTWW01;651628.0
PDFTWW01;773092.0
PDFTWW01;1090084.0
PDFTWW01;752332.0
PDFTWW01;917674.0
PDCRNL00;535767.0
PDCRNL00;768334.0
PDFTWW01;712373.0
PDFTWW01;214087.0
PDFTWW01;PGSMWW03
PDFTWW01;773080.0
PDCRNL00;775585.0
PDCRNL00;475121.0
PDFTWW01;755892.0
PDFTWW01;629834.0
PDFTWW01;2520640.0
PDFTWW01;2407688.0
PDCRNL00;770601.0
PDFTWW01;346491.0
PDFTWW01;1483700.0
PDFTWW01;731496.0
PDFTWW01;2637918.0
PDFTWW01;689348.0
PDFTWW01;754497.0
PDFTWW01;1176868.0
PDFTWW01;777630.0
PDFTWW01;2728036.0
PDFTWW01;777918.0
PDFTWW01;773305.0
PDFTWW01;770505.0
PDFTWW01;332732.0
PDFTWW01;777611.0
PDFTWW01;1075596.0
PGRAWW00;773243.0
PDFTWW01;333400.0
PMBOWW03;PMBOWW03
PDFTWW01;754892.0
PDFTWW01;301230.0
PDFTWW01;777628.0
PDFTWW01;300500.0
PGRAWW00;PGSMWW00
PDCRNL00;473859.0
PDFTWW01;756215.0
PDFTWW01;772818.0
PDFTWW01;1314293.0
PDFTWW01;777551.0
PDFTWW01;775115.0
PDFTWW01;773743.0
PDFTWW01;321955.0
PGRAWW00;PPRIWW00
PDCRNL00;490394.0
PDFTWW01;301377.0
PDFTWW01;775977.0
PDFTWW01;934659.0
PDFTWW01;651637.0
PDFTWW01;324509.0
PDFTWW01;915615.0
PDFTWW01;651631.0
PDFTWW01;777590.0
PDCRNL00;569470.0
PDFTWW01;773074.0
PDFTWW01;2330252.0
PDFTWW01;PPRIWW03
PDFTWW01;1861158.0
PDFTWW01;631442.0
PDFTWW01;639714.0
PDFTWW01;2693974.0
PDCRNL00;493233.0
PDFTWW01;777567.0
PDCRNL00;769067.0
PDFTWW01;772677.0
PDFTWW01;776934.0
PDCRNL00;775368.0
PDCRNL00;568271.0
PDCRNL00;770491.0
PDCRNL00;533358.0
PDFTWW01;773384.0
PDFTWW01;772992.0
PDFTWW01;2558482.0
PDFTWW01;773413.0
PDFTWW01;2407675.0
PDFTWW01;1075584.0
PDFTWW01;921249.0
PDFTWW01;PCRZWW02
PDFTWW01;772573.0
PDFTWW01;752722.0
PDFTWW01;773160.0
PDFTWW01;2239441.0
PDFTWW01;774238.0
PDFTWW01;1075571.0
PDFTWW01;1229964.0
PDFTWW01;213725.0
PDFTWW01;631055.0
PDFTWW01;774688.0
PDFTWW01;777571.0
PDFTWW01;1068101.0
PDFTWW01;1429110.0
PDFTWW01;372063.0
PDFTWW01;754355.0
PDFTWW01;1414771.0
PDFTWW01;PCREWW07
PDFTWW01;755163.0
PDFTWW01;774818.0
PMCPNL03;null
PDFTWW01;351408.0
PDFTWW01;PGCGWW02
PDFTWW01;PIBKWW08
PDFTWW01;742286.0
PDFTWW01;2586156.0
PDFTWW01;722099.0
PGRAWW00;769340.0
PDCRNL00;769572.0
PDFTWW01;773639.0
PDFTWW01;635648.0
PDFTWW01;935407.0
PDFTWW01;971712.0
PDFTWW01;303483.0
PDFTWW01;773439.0
PDFTWW01;1075572.0
PDFTWW01;772951.0
PDFTWW01;750753.0
PDFTWW01;1068091.0
PDFTWW01;764428.0
PPRIWW00;PGRAWW00
PDFTWW01;773298.0
PDFTWW01;754607.0
PDFTWW01;773783.0
PDFTWW01;1414776.0
PDFTWW01;1230689.0
PDFTWW01;2076292.0
PDFTWW01;1088185.0
PDFTWW01;1894868.0
PDFTWW01;1414774.0
PDFTWW01;1029144.0
PDFTWW01;1527286.0
PDFTWW01;771392.0
PDFTWW01;771105.0
PDFTWW01;772569.0
PDFTWW01;2706268.0
PDCRNL00;496849.0
PDFTWW01;350952.0
PDFTWW01;777573.0
PDFTWW01;1911489.0
PDFTWW01;2264950.0
PDFTWW01;773322.0
PDFTWW01;774347.0
PDCRNL00;758467.0
PDFTWW01;339402.0
PDCRNL00;768652.0
PDFTWW01;649942.0
PDFTWW01;1114555.0
PDFTWW01;773366.0
PDFTWW01;350515.0
PDFTWW01;937602.0
PDCRNL00;756388.0
PDFTWW01;1029149.0
PDFTWW01;1335779.0
PDFTWW01;653010.0
PDFTWW01;1902798.0
PDFTWW01;342806.0
PDFTWW01;1654721.0
PDFTWW01;324622.0
PDFTWW01;321468.0
PDFTWW01;1038767.0
PDFTWW01;693933.0
PDFTWW01;1875945.0
PDFTWW01;213694.0
PDCRNL00;771632.0
PDFTWW01;1068102.0
PDFTWW01;773248.0
PDFTWW01;1510515.0
PDFTWW01;1075602.0
PDFTWW01;772673.0
PDFTWW01;777346.0
PDCRNL00;493791.0
PDFTWW01;777613.0
PDFTWW01;2254301.0
PBNKWW09;PBNKWW09
PDFTWW01;SME
PDFTWW01;773216.0
PDFTWW01;350646.0
PDFTWW01;2277202.0
PDFTWW01;941727.0
PDFTWW01;1012148.0
PDFTWW01;2540987.0
PDFTWW01;777623.0
PDFTWW01;775896.0
PDFTWW01;1633533.0
PDFTWW01;2411774.0
PDFTWW01;213699.0
PDFTWW01;2748077.0
PPRIWW07;PPRIWW07
PDFTWW01;PAFIWW02
PDFTWW01;1075582.0
PDFTWW01;1230694.0
PDFTWW01;767596.0
PDCRNL00;758250.0
PDCRNL00;770128.0
PDFTWW01;321953.0
PDFTWW01;PMBONL01
PDCRNL00;771230.0
PDCRNL00;529422.0
PDFTWW01;217921.0
PDCRNL00;537352.0
PDFTWW01;PSURNL02
PDFTWW01;PSVRWW04
PDFTWW01;1928625.0
PDFTWW01;213705.0
PDFTWW01;1029129.0
PMCPBE03;null
PDFTWW01;329746.0
PDFTWW01;PGSMWW02
PDFTWW01;1088188.0
PDCRNL00;770930.0
PDFTWW01;2392786.0
PDFTWW01;1230692.0
PDFTWW01;773645.0
PDFTWW01;636284.0
PDFTWW01;2407694.0
PDFTWW01;773609.0
PDFTWW01;213720.0
PDFTWW01;1638129.0
PDFTWW01;636054.0
PDFTWW01;2407672.0
PDFTWW01;213802.0
PDFTWW01;213674.0
PDFTWW01;755842.0
PDFTWW01;748899.0
PDFTWW01;PSMRDE02
PDFTWW01;769064.0
PDCRNL00;752045.0
PDFTWW01;777620.0
PDFTWW01;777891.0
PDFTWW01;750125.0
PDFTWW01;1068103.0
PDFTWW01;1179048.0
PDFTWW01;773420.0
PDFTWW01;2411771.0
PDFTWW01;629408.0
PDFTWW01;766767.0
PINCWW05;PINCWW05
PDCRNL00;768862.0
PDFTWW01;778241.0
PGCGWW05;PGCGWW05
PDFTWW01;778661.0
PDCRNL00;768892.0
PDFTWW01;756006.0
PDFTWW01;2043390.0
PDCRNL00;760023.0
PDFTWW01;766819.0
PDCRNL00;752161.0
PDFTWW01;340393.0
PDCRNL00;756528.0
PDFTWW01;1776445.0
PDFTWW01;750665.0
PDFTWW01;2243787.0
PDCRNL00;775656.0
PDFTWW01;PSVRWW02
PDCRNL00;481066.0
PDFTWW01;772804.0
PDCRNL00;755138.0
PDFTWW01;644230.0
PDFTWW01;849358.0
PDFTWW01;1047508.0
PDFTWW01;766829.0
PDCRNL00;770861.0
PDFTWW01;742859.0
PDFTWW01;632193.0
PDFTWW01;776850.0
PDFTWW01;777248.0
PDFTWW01;372010.0
PDFTWW01;758251.0
PDFTWW01;362656.0
PDFTWW01;1414779.0
PGRAWW00;762497.0
PDFTWW01;636037.0
PDFTWW01;302402.0
PDCRNL00;508432.0
PDFTWW01;1294086.0
PDCRNL00;568780.0
PDFTWW01;731015.0
PDFTWW01;974281.0
PDFTWW01;1075581.0
PDFTWW01;776792.0
PDCRNL00;764223.0
PDFTWW01;213689.0
PDCRNL00;771749.0
PDFTWW01;751666.0
PDFTWW01;PPRIWW05
PDFTWW01;1120790.0
PDFTWW01;2735470.0
PDFTWW01;653012.0
PDFTWW01;641348.0
PDFTWW01;651635.0
PDFTWW01;745610.0
PDFTWW01;205921.0
PPRIWW00;562580.0
PDFTWW01;685137.0
PDFTWW01;777600.0
PDCRNL00;771922.0
PDFTWW01;777362.0
PDFTWW01;2651165.0
PDFTWW01;2217300.0
PDCRNL00;752295.0
PDFTWW01;626595.0
PDFTWW01;866780.0
PGRAWW00;769328.0
PDCRNL00;529396.0
PDFTWW01;352445.0
PDFTWW01;752942.0
PDFTWW01;332127.0
PDFTWW01;2277200.0
PDFTWW01;PCFPWW02
PDFTWW01;1075554.0
PDFTWW01;773627.0
PDFTWW01;1343270.0
PDCRNL00;501535.0
PDFTWW01;1112418.0
PDFTWW01;773131.0
PDFTWW01;321957.0
PDFTWW01;763833.0
PDFTWW01;1773342.0
PDFTWW01;1928615.0
PDFTWW01;772557.0
PDFTWW01;1029132.0
PDFTWW01;1068096.0
PDCRNL00;771687.0
PDFTWW01;772976.0
PDFTWW01;2470172.0
PDFTWW01;636053.0
PDCRNL00;493531.0
PDFTWW01;2000388.0
PGRAWW00;769352.0
PDFTWW01;332722.0
PDFTWW01;776218.0
PDFTWW01;937604.0
PDFTWW01;351469.0
PDFTWW01;775901.0
PDFTWW01;753703.0
PDFTWW01;749138.0
PDCRNL00;769062.0
PDCRNL00;769820.0
PDIAWW00;PDIAWW00
PDFTWW01;321213.0
PDFTWW01;976017.0
PDFTWW01;636038.0
PDFTWW01;213693.0
PGRAWW00;769337.0
PDFTWW01;1870283.0
PDFTWW01;775806.0
PDFTWW01;2159774.0
PDFTWW01;337896.0
PDFTWW01;352664.0
PDFTWW01;751659.0
PDFTWW01;753090.0
PDFTWW01;629836.0
PDFTWW01;1075594.0
PDCRNL00;540580.0
PDFTWW01;2437844.0
PDFTWW01;PSURNL00
PDFTWW01;2054132.0
PDFTWW01;772435.0
PDFTWW01;324754.0
PDFTWW01;351364.0
PDFTWW01;2407682.0
PDFTWW01;356091.0
PDCRNL00;569771.0
PDFTWW01;1068093.0
PDFTWW01;332721.0
PDFTWW01;628704.0
PDFTWW01;1853382.0
PDFTWW01;765097.0
PDFTWW01;2859400.0
PDCRNL00;498417.0
PDFTWW01;826296.0
PDCRNL00;508765.0
PDFTWW01;976024.0
PDCRNL00;524526.0
PDFTWW01;1164191.0
PDFTWW01;1075551.0
PDCRNL00;754494.0
PDFTWW01;650209.0
PDCRNL00;769869.0
PDFTWW01;755132.0
PDFTWW01;634837.0
PDFTWW01;636135.0
PDCRNL00;541051.0
PDFTWW01;1024195.0
PDFTWW01;772562.0
PDFTWW01;777345.0
PDFTWW01;2693594.0
PDCRNL00;519833.0
PDFTWW01;1088182.0
PDCRNL00;771624.0
PDFTWW01;775363.0
PDFTWW01;PICOWW01
PDFTWW01;301756.0
PDFTWW01;PCRZWW01
PGRAWW00;729194.0
PDFTWW01;635652.0
PDFTWW01;1461119.0
PDFTWW01;1201221.0
PDFTWW01;745664.0
PDFTWW01;948962.0
PDFTWW01;773168.0
PDFTWW01;639715.0
PDFTWW01;1214542.0
PDFTWW01;1029150.0
PDFTWW01;PDCRNL01
PDFTWW01;PCFPWW04
PDFTWW01;1075595.0
PDFTWW01;937603.0
PDFTWW01;1314701.0
PDFTWW01;342637.0
PDFTWW01;750345.0
PDFTWW01;370780.0
PDFTWW01;773759.0
PDFTWW01;1133527.0
PDFTWW01;1414775.0
PDFTWW01;777563.0
PDFTWW01;346504.0
PDFTWW01;1075580.0
PDFTWW01;351410.0
PDFTWW01;885637.0
PDFTWW01;1230691.0
PDFTWW01;777916.0
PDFTWW01;777405.0
PDFTWW01;2100115.0
PDFTWW01;1114556.0
PDFTWW01;218577.0
PDFTWW01;2637919.0
PDFTWW01;1029123.0
PDFTWW01;993709.0
PDFTWW01;1298686.0
PDFTWW01;774599.0
PDFTWW01;777607.0
PDCRNL00;523307.0
PDFTWW01;689349.0
PDCRNL00;575637.0
PDFTWW01;937609.0
PDFTWW01;777500.0
PDFTWW01;776210.0
PDFTWW01;777574.0
PDFTWW01;777618.0
PPRIWW00;766099.0
PDFTWW01;351126.0
PDFTWW01;773310.0
PDFTWW01;321956.0
PDFTWW01;2426146.0
PDFTWW01;1038764.0
PDFTWW01;772405.0
PDFTWW01;2471624.0
PDFTWW01;777791.0
PDFTWW01;1894869.0
PDCRNL00;763147.0
PDFTWW01;337496.0
PGRAWW00;769355.0
PDFTWW01;777572.0
PDCRNL00;772109.0
PDFTWW01;1367555.0
PDFTWW01;2158776.0
PDCRNL00;485809.0
PDFTWW01;1088180.0
PDFTWW01;1038762.0
PDFTWW01;653006.0
PDFTWW01;777585.0
PDFTWW01;322954.0
PDFTWW01;653008.0
PDFTWW01;1075574.0
PDFTWW01;773681.0
PDCRNL00;575995.0
PDFTWW01;751919.0
PDFTWW01;688224.0
PDCRNL00;471264.0
PDFTWW01;2436131.0
PDFTWW01;773016.0
PDFTWW01;773614.0
PDFTWW01;756475.0
PDFTWW01;636044.0
PDFTWW01;222032.0
PDFTWW01;2100158.0
PDFTWW01;1003274.0
PDFTWW01;770152.0
PDFTWW01;1857255.0
PDFTWW01;625301.0
PDFTWW01;752319.0
PGRAWW00;666615.0
PDFTWW01;339286.0
PDFTWW01;1078880.0
PDFTWW01;941724.0
PDFTWW01;207466.0
PDFTWW01;625501.0
PDFTWW01;323632.0
PDFTWW01;766584.0
PDFTWW01;1088191.0
PDFTWW01;976012.0
PDFTWW01;PONGWW03
PDCRNL00;541138.0
PDFTWW01;685136.0
PDFTWW01;751385.0
PDCRNL00;487172.0
PDCRNL00;504434.0
PDFTWW01;PPBPWW01
PDCRNL00;489728.0
PDFTWW01;2247693.0
PDFTWW01;777550.0
PDFTWW01;1405533.0
PDFTWW01;2277204.0
PDFTWW01;1029138.0
PDFTWW01;PFBKWW01
PDFTWW01;744634.0
PDFTWW01;1229780.0
PDFTWW01;777603.0
PDFTWW01;2407689.0
PDFTWW01;1045060.0
PDFTWW01;750385.0
PDFTWW01;1231427.0
PDFTWW01;1540073.0
PDFTWW01;324633.0
PDFTWW01;1414773.0
PDFTWW01;776250.0
PDFTWW01;756874.0
PDFTWW01;657402.0
PKPUWW01;null
PDFTWW01;PMCPBE03
PDCRNL00;484792.0
PDFTWW01;685144.0
PDCRNL00;509700.0
PDFTWW01;316839.0
PDFTWW01;647741.0
PDFTWW01;1990154.0
PDFTWW01;773509.0
PDFTWW01;1088179.0
PDFTWW01;309443.0
PDFTWW01;PPBPWW04
PICOWW01;PICOWW01
PDFTWW01;213579.0
PDFTWW01;1782080.0
PDFTWW01;322507.0
PDCRNL00;476192.0
PDFTWW01;1075583.0
PDCRNL00;520459.0
PDFTWW01;1075547.0
PDFTWW01;1075560.0
PGRAWW00;PDIAWW00
PDFTWW01;772715.0
PDFTWW01;755949.0
PDFTWW01;756904.0
PDCRNL00;770242.0
PDFTWW01;342576.0
PDFTWW01;1114547.0
PGRAWW00;762493.0
PDFTWW01;894714.0
PDFTWW01;1075549.0
PDFTWW01;1374067.0
PDFTWW01;1649838.0
PDFTWW01;1208505.0
PDFTWW01;755077.0
PDFTWW01;688714.0
PDFTWW01;762313.0
PDFTWW01;1047512.0
PDFTWW01;1894867.0
PDFTWW01;PGCRWW03
PGSSWW06;PGSSWW06
PDCRNL00;767855.0
PDFTWW01;PBNKWW02
PDFTWW01;639716.0
PDFTWW01;812282.0
PDFTWW01;766772.0
PDFTWW01;1383053.0
PDFTWW01;1029128.0
PDFTWW01;1068094.0
PDFTWW01;923783.0
PDFTWW01;2273142.0
PDFTWW01;751433.0
PDFTWW01;350488.0
PDFTWW01;745614.0
PDFTWW01;1088169.0
PDFTWW01;2330254.0
PDCRNL00;749626.0
PDFTWW01;2544284.0
PDFTWW01;773585.0
PDFTWW01;315794.0
PDFTWW01;649941.0
PDFTWW01;2624288.0
PDFTWW01;752596.0
PDFTWW01;322334.0
PDCRNL00;768111.0
PDFTWW01;935399.0
PDFTWW01;1424633.0
PDFTWW01;627416.0
PDFTWW01;758293.0
PDCRNL00;772108.0
PDFTWW01;PSHPWW03
PDFTWW01;1772070.0
PDCRNL00;533325.0
PDFTWW01;761157.0
PGSMWW04;PGSMWW04
PDFTWW01;649950.0
PDFTWW01;629849.0
PDFTWW01;777589.0
PDFTWW01;PDCRNL07
PDFTWW01;643139.0
PDCRNL00;537290.0
PDFTWW01;1911490.0
PDFTWW01;650211.0
PDFTWW01;627851.0
PDFTWW01;2643862.0
PDFTWW01;1527289.0
PDFTWW01;2411189.0
PDFTWW01;689141.0
PDFTWW01;350668.0
PDFTWW01;1029497.0
PDFTWW01;2014853.0
PDFTWW01;2651486.0
PDFTWW01;2424106.0
PDFTWW01;1078879.0
PDFTWW01;777549.0
PDFTWW01;1099123.0
PDFTWW01;658153.0
PDFTWW01;2025394.0
PDFTWW01;941726.0
PDFTWW01;1744225.0
PDFTWW01;2172248.0
PDFTWW01;351407.0
PDCRNL00;770471.0
PDFTWW01;2132505.0
PDFTWW01;PLCRWW00
PDFTWW01;752392.0
PDFTWW01;351447.0
PDFTWW01;655146.0
PGRAWW00;734239.0
PDCRNL00;750048.0
PPRIWW00;PDFTWW01
PDFTWW01;696376.0
PDFTWW01;1157819.0
PDFTWW01;2303394.0
PDFTWW01;773154.0
PDFTWW01;1405532.0
PDCRNL00;765758.0
PDFTWW01;625300.0
PDFTWW01;1201222.0
PDFTWW01;777208.0
PDFTWW01;776628.0
PDFTWW01;1335781.0
PDFTWW01;2693591.0
PDFTWW01;747457.0
PDFTWW01;689328.0
PDFTWW01;2023139.0
PDFTWW01;1314298.0
PDCRNL00;556314.0
PDFTWW01;744218.0
PDFTWW01;777583.0
PDFTWW01;2407695.0
PDFTWW01;651625.0
PDFTWW01;2520637.0
PDFTWW01;1283614.0
PDCRNL00;475174.0
PDFTWW01;338503.0
PDFTWW01;321996.0
PDFTWW01;742348.0
PDFTWW01;213697.0
PDFTWW01;1075561.0
PDFTWW01;772797.0
PDFTWW01;PGRAWW00
PDFTWW01;1170530.0
PDCRNL00;770035.0
PGRAWW00;769331.0
PDFTWW01;1075590.0
PDCRNL00;575931.0
PDFTWW01;PKPOWW01
PDFTWW01;1414778.0
PDFTWW01;777516.0
PDCRNL00;769899.0
PDFTWW01;971743.0
PDFTWW01;745245.0
PDFTWW01;324637.0
PDFTWW01;777604.0
PDFTWW01;749221.0
PDFTWW01;644719.0
PDFTWW01;1130371.0
PDFTWW01;350520.0
PDCRNL00;770887.0
PDFTWW01;1902801.0
PDFTWW01;775047.0
PDFTWW01;2754500.0
PDFTWW01;773657.0
PDFTWW01;747424.0
PDFTWW01;640976.0
PDFTWW01;1314296.0
PDFTWW01;1068090.0
PDCRNL00;757215.0
PGCRWW03;PGCRWW03
PDFTWW01;PDFTWW01
PDFTWW01;768610.0
PDFTWW01;1088192.0
PDFTWW01;350521.0
PDFTWW01;694311.0
PDCRNL00;754595.0
PPRIWW00;771688.0
PDFTWW01;1075570.0
PDFTWW01;1302147.0
PDCRNL00;511137.0
PDFTWW01;968016.0
PDFTWW01;218793.0
PDFTWW01;1948205.0
PDFTWW01;1265226.0
PDFTWW01;1713953.0
PDFTWW01;372062.0
PDFTWW01;PSMRBE02
PGRAWW00;748867.0
PDFTWW01;577956.0
PDFTWW01;658156.0
PDFTWW01;1009062.0
PGRAWW00;766999.0
PDFTWW01;324628.0
PDFTWW01;752046.0
PDCRNL00;513057.0
PDCRNL00;473809.0
PDFTWW01;774368.0
PDFTWW01;773280.0
PDFTWW01;1361828.0
PDFTWW01;2065746.0
PDFTWW01;751846.0
PDFTWW01;770408.0
PDFTWW01;1653458.0
PDFTWW01;773519.0
PDFTWW01;1296431.0
PDFTWW01;PPPCNL02
PSURWW05;PSURWW05
PDFTWW01;329724.0
PDCRNL00;478053.0
PDFTWW01;623619.0
PDFTWW01;2407679.0
PDFTWW01;1317066.0
PDFTWW01;1092083.0
PDFTWW01;1047509.0
PDCRNL00;472715.0
PDCRNL00;766905.0
PPRIWW00;573809.0
PDFTWW01;835434.0
PDFTWW01;1075573.0
PDFTWW01;777578.0
PDFTWW01;773434.0
PDCRNL00;PDCRNL00
PDFTWW01;627480.0
PDCRNL00;524480.0
PDCRNL00;770448.0
PDCRNL00;502448.0
PDFTWW01;765323.0
PDCRNL00;763700.0
PDFTWW01;773546.0
PDFTWW01;749800.0
PDFTWW01;941725.0
PDFTWW01;777602.0
PDCRNL00;769219.0
PDFTWW01;1104251.0
PDFTWW01;971702.0
PDFTWW01;330137.0
PDFTWW01;773147.0
PDFTWW01;937608.0
PDFTWW01;1075579.0
PDFTWW01;2915243.0
PDFTWW01;1230684.0
PDFTWW01;371980.0
PDFTWW01;656979.0
PDFTWW01;2436127.0
PDCRNL00;769126.0
PDFTWW01;773286.0
PDFTWW01;213707.0
PDFTWW01;2022813.0
PDFTWW01;1759722.0
PDFTWW01;2046868.0
PDFTWW01;772492.0
PDFTWW01;773244.0
PDCRNL00;770288.0
PDFTWW01;213803.0
PDFTWW01;673182.0
PDFTWW01;1759719.0
PDFTWW01;989249.0
PDFTWW01;629848.0
PDFTWW01;2796384.0
PDFTWW01;772835.0
PDFTWW01;352969.0
PDFTWW01;657997.0
PDFTWW01;1327915.0
PDFTWW01;PIBKWW01
PDFTWW01;2411191.0
PDFTWW01;773374.0
PDFTWW01;778240.0
PDFTWW01;1177007.0
PDFTWW01;356118.0
PDFTWW01;651627.0
PDFTWW01;1075566.0
PDCRNL00;496734.0
PDFTWW01;322390.0
PDCRNL00;762003.0
PDFTWW01;1082186.0
PGRAWW00;PDCRNL00
PDCRNL00;762591.0
PDFTWW01;322975.0
PDFTWW01;937606.0
PDFTWW01;2100159.0
PDFTWW01;955186.0
PDFTWW01;372345.0
PDFTWW01;752537.0
PDFTWW01;857038.0
PDFTWW01;773565.0
PDFTWW01;658010.0
PDFTWW01;772498.0
PDFTWW01;2470957.0
PDFTWW01;316846.0
PDCRNL00;768670.0
PGRAWW00;666910.0
PDCRNL00;775320.0
PDFTWW01;965187.0
PDFTWW01;PPRIWW02
PDCRNL00;554159.0
PDFTWW01;772850.0
PDFTWW01;2731008.0
PDFTWW01;987825.0
PDFTWW01;1038761.0
PGRAWW00;747160.0
PDFTWW01;1564116.0
PDFTWW01;2396063.0
PDFTWW01;GCG
PDFTWW01;1605524.0
PDFTWW01;2705420.0
PDFTWW01;773118.0
PDFTWW01;777580.0
PDFTWW01;361719.0
PDFTWW01;1713952.0
PDCRNL00;487146.0
PDFTWW01;777577.0
PDFTWW01;324753.0
PDFTWW01;773633.0
PDFTWW01;851852.0
PDFTWW01;2388860.0
PDFTWW01;629173.0
PDFTWW01;309004.0
PDCRNL00;755670.0
PDFTWW01;773459.0
PDFTWW01;895007.0
PDCRNL00;769291.0
PDCRNL00;753617.0
PDFTWW01;1267804.0
PDFTWW01;916611.0
PDFTWW01;324627.0
PDFTWW01;1216204.0
PDFTWW01;316848.0
PDFTWW01;540136.0
PDFTWW01;670008.0
PDFTWW01;362652.0
PDCRNL00;495268.0
PDFTWW01;636332.0
PDFTWW01;759631.0
PDCRNL00;770682.0
PDFTWW01;1286730.0
PDFTWW01;979310.0
PDFTWW01;988136.0
PDFTWW01;777407.0
PDFTWW01;775866.0
PDFTWW01;1990153.0
PDFTWW01;338672.0
PDFTWW01;773670.0
PDFTWW01;2739908.0
PDFTWW01;323630.0
PDFTWW01;772827.0
PDFTWW01;772401.0
PDFTWW01;749134.0
PDFTWW01;213958.0
PDFTWW01;752217.0
PDCRNL00;484815.0
PDFTWW01;777799.0
PDFTWW01;777359.0
PDFTWW01;1545095.0
PDFTWW01;1231430.0
PDFTWW01;773736.0
PDFTWW01;771545.0
PDFTWW01;636137.0
PDFTWW01;755739.0
PDFTWW01;2436129.0
PDCRNL00;490481.0
PDFTWW01;773339.0
PDFTWW01;1890671.0
PDFTWW01;302710.0
PDFTWW01;745643.0
PDFTWW01;765536.0
PDFTWW01;773578.0
PDFTWW01;836962.0
PDFTWW01;655558.0
PDFTWW01;773399.0
PDCRNL00;485956.0
PDFTWW01;2411190.0
PDFTWW01;1983018.0
PDFTWW01;1614679.0
PDFTWW01;846134.0
PDCRNL00;760240.0
PDCRNL00;770911.0
PSMEBE03;null
PDFTWW01;775279.0
PDFTWW01;PSTDWW01
PDCRNL00;775286.0
PDFTWW01;859425.0
PDFTWW01;324623.0
PDFTWW01;772471.0
PDFTWW01;772689.0
PDCRNL00;771651.0
PIBKWW01;null
PDCRNL00;775149.0
PDFTWW01;2606105.0
PDCRNL00;775317.0
PDFTWW01;321812.0
PDFTWW01;651905.0
PDFTWW01;1902783.0
PDFTWW01;655153.0
PDFTWW01;2790303.0
PDFTWW01;2792983.0
PDFTWW01;773720.0
PDFTWW01;336017.0
PDFTWW01;2407687.0
PDCRNL00;772058.0
PDFTWW01;752298.0
PDCRNL00;770716.0
PDFTWW01;337472.0
PDFTWW01;857035.0
PGRAWW00;738312.0
PDFTWW01;630997.0
PDFTWW01;772996.0
PSMEBE03;PSTDWW01
PDFTWW01;2693589.0
PDFTWW01;689233.0
PDFTWW01;1068107.0
PDFTWW01;773251.0
PDFTWW01;649933.0
PDCRNL00;767628.0
PDFTWW01;316851.0
PDCRNL00;617048.0
PDFTWW01;776853.0
PDCRNL00;753292.0
PDFTWW01;751505.0
PDCRNL00;506424.0
PDFTWW01;1540846.0
PDFTWW01;321954.0
PDCRNL00;770759.0
PPRIWW00;769487.0
PSMEBE03;PSMEBE03
PDCRNL00;488131.0
PDFTWW01;1335780.0
PDCRNL00;771442.0
PGRAWW00;625304.0
PDCRNL00;768039.0
PMBONL00;PMBONL00
PDFTWW01;1746290.0
PDFTWW01;1020021.0
PDFTWW01;778011.0
PDFTWW01;773111.0
PDCRNL00;487247.0
PGRAWW00;741939.0
PDCRNL00;752066.0
PDFTWW01;1156900.0
PDFTWW01;901474.0
PDFTWW01;1273218.0
PDFTWW01;777593.0
PDFTWW01;321809.0
PDFTWW01;1749920.0
PDFTWW01;324607.0
PDFTWW01;PPMRNL02
PDCRNL00;764212.0
PDFTWW01;1075552.0
PDCRNL00;503046.0
PPRIWW00;PDCRNL00
PDFTWW01;300771.0
PDFTWW01;629839.0
PDCRNL00;493207.0
PDFTWW01;760323.0
PDFTWW01;777785.0
PDFTWW01;2407692.0
PDFTWW01;770130.0
PDFTWW01;2320354.0
PDFTWW01;649934.0
PDFTWW01;628081.0
PDFTWW01;PGCGWW01
PDFTWW01;895015.0
PDFTWW01;STD
PDFTWW01;207456.0
PDFTWW01;743041.0
PDFTWW01;370769.0
PDCRNL00;769464.0
PDFTWW01;971769.0
PGRAWW00;745849.0
PDFTWW01;2407667.0
PDFTWW01;649949.0
PDFTWW01;773540.0
PDFTWW01;1073791.0
PDFTWW01;372115.0
PDFTWW01;351196.0
PDFTWW01;2407664.0
PDCRNL00;522813.0
PDFTWW01;352998.0
PDFTWW01;773650.0
PDCRNL00;496836.0
PDFTWW01;2132504.0
PDCRNL00;758762.0
PDFTWW01;971983.0
PDFTWW01;754734.0
PDCRNL00;775314.0
PDFTWW01;317864.0
PDFTWW01;351451.0
PDFTWW01;PMBOWW03
PDFTWW01;777560.0
PGRAWW00;769346.0
PDFTWW01;323421.0
PDFTWW01;PCRPWW01
PDFTWW01;2006344.0
PDFTWW01;351026.0
PDFTWW01;773125.0
PDFTWW01;323008.0
PDFTWW01;777707.0
PDFTWW01;754839.0
PDFTWW01;766844.0
PDFTWW01;773591.0
PDFTWW01;772425.0
PDFTWW01;749603.0
PDFTWW01;303510.0
PDFTWW01;362186.0
PDFTWW01;1075558.0
PDCRNL00;752130.0
PDFTWW01;773350.0
PDFTWW01;777599.0
PDFTWW01;775973.0
PDFTWW01;324636.0
PDCRNL00;756005.0
PDFTWW01;1960501.0
PDFTWW01;976016.0
PDFTWW01;PUTIWW01
PDFTWW01;911628.0
PDFTWW01;773067.0
PDFTWW01;1075597.0
PDFTWW01;1062378.0
PDFTWW01;626784.0
PDFTWW01;PCREWW06
PDFTWW01;1265225.0
PDFTWW01;2158778.0
PDCRNL00;478263.0
PDFTWW01;653004.0
PDCRNL00;775315.0
PDCRNL00;474159.0
PDFTWW01;840247.0
PDFTWW01;2520639.0
PDFTWW01;658157.0
PDFTWW01;362796.0
PDFTWW01;PSURWW03
PDFTWW01;775838.0
PDFTWW01;772455.0
PDFTWW01;321517.0
PDFTWW01;1197593.0
PDFTWW01;775181.0
PDFTWW01;1180166.0
PDFTWW01;351448.0
PDFTWW01;PMBOWW02
PDFTWW01;935402.0
PDFTWW01;878337.0
PDFTWW01;300756.0
PDCRNL00;476388.0
PDFTWW01;342797.0
PDFTWW01;913729.0
PDFTWW01;1902796.0
PGRAWW00;745116.0
PDFTWW01;2100156.0
PDFTWW01;655140.0
PDFTWW01;773594.0
PDFTWW01;PLCRWW02
PDFTWW01;221615.0
PDFTWW01;777596.0
PDFTWW01;2407691.0
PDFTWW01;1451008.0
PDCRNL00;515031.0
PDFTWW01;1395228.0
PDFTWW01;1088175.0
PDFTWW01;PMCPNL04
PDFTWW01;754528.0
PDCRNL00;753183.0
PDFTWW01;351449.0
PDFTWW01;777616.0
PDFTWW01;775128.0
PDFTWW01;308554.0
PDFTWW01;1029140.0
PDFTWW01;1038760.0
PDFTWW01;777588.0
PDFTWW01;773174.0
PDFTWW01;208417.0
PDFTWW01;773686.0
PDFTWW01;309174.0
PDFTWW01;975068.0
PDFTWW01;745136.0
POGMWW01;null
PDFTWW01;773753.0
PDFTWW01;777592.0
PDFTWW01;1114557.0
PDFTWW01;2525650.0
PDCRNL00;770758.0
PSURNL00;PDFTWW01
PDFTWW01;894715.0
PDFTWW01;1047513.0
PDFTWW01;PLCRWW03
PDFTWW01;1075578.0
PDCRNL00;757784.0
PDFTWW01;1088181.0
PDFTWW01;2588359.0
PDFTWW01;350527.0
PDFTWW01;1435316.0
PDFTWW01;PONGWW02
PDFTWW01;947277.0
PDFTWW01;351402.0
PDFTWW01;PGCGWW03
PDFTWW01;2045065.0
PDFTWW01;1126046.0
PDFTWW01;756896.0
PDFTWW01;356234.0
PDFTWW01;1283144.0
PDFTWW01;PGCRWW02
PDFTWW01;PDIAWW01
PDFTWW01;993644.0
PDFTWW01;1492440.0
PDFTWW01;777597.0
PDFTWW01;777610.0
PDFTWW01;1029151.0
PDFTWW01;686975.0
PDFTWW01;2763600.0
PDCRNL00;755561.0
PDFTWW01;1075577.0
PDFTWW01;778678.0
PDFTWW01;2411195.0
PDFTWW01;2206330.0
PDCRNL00;485984.0
PDFTWW01;750657.0
PDCRNL00;508348.0
PDFTWW01;937607.0
PDFTWW01;1990161.0
PDFTWW01;1527290.0
PDFTWW01;1284063.0
PDCRNL00;765206.0
PDFTWW01;1598144.0
PDFTWW01;772793.0
PDFTWW01;629829.0
PDFTWW01;2080624.0
PDFTWW01;1208506.0
PDFTWW01;1723734.0
PDFTWW01;1654722.0
PDCRNL00;506197.0
PDFTWW01;350638.0
PDCRNL00;472184.0
PDFTWW01;2264959.0
PDFTWW01;322178.0
PDFTWW01;772688.0
PDFTWW01;1047507.0
PDFTWW01;743080.0
PDCRNL00;508942.0
PDFTWW01;777514.0
PDFTWW01;658158.0
PDFTWW01;2407676.0
PDFTWW01;860563.0
PDFTWW01;1990155.0
PDFTWW01;337485.0
PDFTWW01;766824.0
PDCRNL00;762633.0
PDFTWW01;1223611.0
PDFTWW01;773503.0
PDFTWW01;1760087.0
PDFTWW01;719840.0
PDFTWW01;213687.0
PDFTWW01;2729885.0
PDFTWW01;772505.0
PDFTWW01;324621.0
PDFTWW01;2407662.0
PDFTWW01;777570.0
PDFTWW01;1776993.0
PDFTWW01;772760.0
PDFTWW01;772575.0
PGRAWW00;745022.0
PDFTWW01;993702.0
PDFTWW01;213797.0
PDFTWW01;356213.0
PDFTWW01;1759723.0
PDFTWW01;322180.0
PDCRNL00;769241.0
PDFTWW01;2407700.0
PDFTWW01;2440391.0
PDFTWW01;943365.0
PDFTWW01;351472.0
PDFTWW01;971585.0
PDFTWW01;1299683.0
PDCRNL00;769512.0
PDFTWW01;362772.0
PDFTWW01;618771.0
PDFTWW01;735999.0
PDFTWW01;2320355.0
PDFTWW01;324608.0
PDFTWW01;1189616.0
PDFTWW01;PLCRWW04
PDCRNL00;775329.0
PDFTWW01;346499.0
PDFTWW01;625305.0
PDFTWW01;707250.0
PDFTWW01;220100.0
PGRAWW00;768692.0
PDFTWW01;2417449.0
PDFTWW01;1098287.0
PDFTWW01;371236.0
PDFTWW01;757150.0
PDFTWW01;2606838.0
PGRAWW00;736225.0
PGRAWW00;745071.0
PDFTWW01;2343545.0
PGRAWW00;771103.0
PDFTWW01;1525497.0
PDCRNL00;478623.0
PDFTWW01;PDIAWW00
PDFTWW01;322521.0
PDFTWW01;1859762.0
PDCRNL00;511393.0
PDCRNL00;767593.0
PDFTWW01;2436128.0
PDCRNL00;768501.0
PDFTWW01;1029130.0
PDFTWW01;778569.0
PDFTWW01;351454.0
PDFTWW01;773525.0
PDFTWW01;777510.0
PDFTWW01;773531.0
PDFTWW01;759457.0
PDFTWW01;765796.0
PDCRNL00;771710.0
PDFTWW01;745252.0
PDFTWW01;1270810.0
PDFTWW01;685133.0
PDFTWW01;856800.0
PDCRNL00;564697.0
PDFTWW01;777262.0
PDFTWW01;1075601.0
PDFTWW01;777591.0
PDFTWW01;208027.0
PDFTWW01;839425.0
PDFTWW01;323222.0
PDFTWW01;2191231.0
PDFTWW01;341798.0
PDFTWW01;1120635.0
PDFTWW01;1759720.0
PDFTWW01;2470171.0
PDFTWW01;772408.0
PDCRNL00;487019.0
PDFTWW01;213795.0
PDFTWW01;764844.0
PGRAWW00;767337.0
PDCRNL00;772065.0
PDFTWW01;1003273.0
PDFTWW01;1029121.0
PDFTWW01;321777.0
PDFTWW01;350774.0
PDFTWW01;2487284.0
PDFTWW01;322725.0
PDFTWW01;773230.0
PDCRNL00;502771.0
PDFTWW01;629828.0
PDFTWW01;1099311.0
PDFTWW01;762188.0
PDFTWW01;1115408.0
PDFTWW01;1029147.0
PDFTWW01;776156.0
PDFTWW01;2726285.0
PDCRNL00;541760.0
PDFTWW01;319456.0
PDFTWW01;2407699.0
PDFTWW01;950695.0
PDFTWW01;773289.0
PDFTWW01;751631.0
PDFTWW01;1560055.0
PDCRNL00;775271.0
PDFTWW01;750214.0
PDFTWW01;688719.0
PDFTWW01;2302772.0
PDFTWW01;362824.0
PDFTWW01;1817538.0
PDFTWW01;777595.0
PDCRNL00;759819.0
PDFTWW01;1075599.0
PDFTWW01;777562.0
PDFTWW01;2439267.0
PDFTWW01;1170528.0
PDFTWW01;351062.0
PDFTWW01;659120.0
PDFTWW01;332720.0
PDFTWW01;877323.0
PDFTWW01;777548.0
PDCRNL00;771757.0
PDCRNL00;488738.0
PDFTWW01;214050.0
PDFTWW01;772414.0
PDCRNL00;770739.0
PDFTWW01;1239780.0
PDFTWW01;300207.0
PDFTWW01;338953.0
PDFTWW01;775876.0
PDFTWW01;1274503.0
PDFTWW01;1267805.0
PDCRNL00;770066.0
PDFTWW01;333106.0
PDFTWW01;948972.0
PDFTWW01;629166.0
PDFTWW01;PSURWW05
PDFTWW01;558907.0
PDFTWW01;773257.0
PDFTWW01;1948976.0
PPRIWW00;null
PDFTWW01;2693592.0
PDFTWW01;648682.0
PDCRNL00;769533.0
PDFTWW01;1902791.0
PDFTWW01;334346.0
PDFTWW01;763908.0
PDCRNL00;477763.0
PDFTWW01;1192927.0
PDCRNL00;576992.0
PDFTWW01;729038.0
PDFTWW01;773663.0
PDFTWW01;370527.0
PDCRNL00;484845.0
PDFTWW01;756532.0
PGRAWW00;764350.0
PDFTWW01;324613.0
PDFTWW01;1114552.0
PDFTWW01;772690.0
PPRIWW00;761713.0
PDFTWW01;1308628.0
PDFTWW01;2726207.0
PDFTWW01;350691.0
PDFTWW01;971596.0
PDFTWW01;213804.0
PDCRNL00;770387.0
PDFTWW01;2407665.0
PDFTWW01;352226.0
PDFTWW01;PSMEBE03
PDFTWW01;771553.0
PDFTWW01;632988.0
PDCRNL00;750058.0
PDFTWW01;1338034.0
PDFTWW01;773603.0
PLCRWW00;PGRAWW00
PDFTWW01;308972.0
PDFTWW01;1668825.0
PDFTWW01;351425.0
PDFTWW01;2407677.0
PDFTWW01;889548.0
PDFTWW01;1990602.0
PDCRNL00;508642.0
PPRIWW00;769852.0
PDFTWW01;2244541.0
PDFTWW01;871338.0
PDFTWW01;767361.0
PDCRNL00;769401.0
PDFTWW01;745248.0
PDFTWW01;PFRRWW01
PDFTWW01;771557.0
PDFTWW01;636638.0
PDFTWW01;634908.0
PDFTWW01;773086.0
PDFTWW01;1029137.0
PDFTWW01;322186.0
PDFTWW01;PCREWW05
PDFTWW01;1047510.0
PDCRNL00;771071.0
PDFTWW01;625594.0
PDFTWW01;351390.0
PGRAWW00;747597.0
PDFTWW01;324550.0
PDFTWW01;766782.0
PDFTWW01;636039.0
PDFTWW01;2458644.0
PDFTWW01;371978.0
PDFTWW01;772891.0
PFRRWW01;PPPCNL02
PDFTWW01;755122.0
PDFTWW01;PPBPWW02
PDFTWW01;1029120.0
PDFTWW01;309177.0
PDFTWW01;624259.0
PGRAWW00;744727.0
PDFTWW01;773500.0
PDFTWW01;712390.0
PDFTWW01;1792977.0
PDFTWW01;653005.0
PDFTWW01;2151056.0
PDFTWW01;742865.0
PDFTWW01;1114562.0
PDFTWW01;2788680.0
PDFTWW01;653009.0
PDFTWW01;PCFPWW01
PDFTWW01;873322.0
PDFTWW01;808025.0
PDFTWW01;940021.0
PGRAWW00;744785.0
PDFTWW01;775871.0
PDFTWW01;772019.0
PDCRNL00;769627.0
PDFTWW01;1198231.0
PDFTWW01;773263.0
PDFTWW01;777564.0
PDFTWW01;2748076.0
PDFTWW01;341753.0
PDFTWW01;PDIAWW04
PPRIWW00;614233.0
PDFTWW01;1038765.0
PDFTWW01;2436134.0
PDFTWW01;1133528.0
PDFTWW01;1920126.0
PDCRNL00;775357.0
PDFTWW01;1681161.0
PDFTWW01;323621.0
PDFTWW01;636333.0
PDFTWW01;1301540.0
PDFTWW01;1397732.0
PGRAWW00;PGRAWW00
PDFTWW01;1372670.0
PDFTWW01;772810.0
PDFTWW01;PPUBNL10
PDFTWW01;747354.0
PDFTWW01;1700576.0
PDFTWW01;1029125.0
PDFTWW01;993701.0
PDFTWW01;636133.0
PDFTWW01;636534.0
PDFTWW01;950691.0
PDFTWW01;786997.0
PDFTWW01;2844606.0
PDFTWW01;1114550.0
PDFTWW01;1463601.0
PDFTWW01;1414777.0
PDFTWW01;773408.0
PDFTWW01;1075598.0
PDFTWW01;322179.0
PDFTWW01;321509.0
PDFTWW01;757289.0
PDCRNL00;563379.0
PDFTWW01;1902790.0
PGRAWW00;743442.0
PDFTWW01;1029148.0
PDFTWW01;323461.0
PDFTWW01;2867503.0
PDFTWW01;866781.0
PDFTWW01;1088178.0
PDFTWW01;1344976.0
PGRAWW00;769880.0
PDFTWW01;749007.0
PDFTWW01;214499.0
PDCRNL00;766248.0
PDFTWW01;772486.0
PGRAWW00;769349.0
PDFTWW01;213691.0
PDFTWW01;772404.0
PDFTWW01;651630.0
PDFTWW01;636131.0
PDFTWW01;772631.0
PDFTWW01;644529.0
PDFTWW01;696379.0
PDCRNL00;476188.0
PDFTWW01;777392.0
PDFTWW01;849288.0
PDFTWW01;976020.0
PDCRNL00;476235.0
PDCRNL00;771657.0
PDFTWW01;2411181.0
PDFTWW01;772744.0
PDFTWW01;1248950.0
PDFTWW01;777629.0
PDFTWW01;777569.0
PDFTWW01;PPUBBE01
PDCRNL00;767579.0
PDCRNL00;771344.0
PDFTWW01;1075548.0
PDFTWW01;1114551.0
PDFTWW01;PMCPNL03
PDFTWW01;772542.0
PDFTWW01;759788.0
PDFTWW01;2112214.0
PDFTWW01;772432.0
PDCRNL00;765804.0
PDFTWW01;1029131.0
PDFTWW01;976022.0
PDFTWW01;756124.0
PDFTWW01;776681.0
PSMENL03;null
PDFTWW01;1029146.0
PDCRNL00;496839.0
PDCRNL00;768450.0
PDFTWW01;PFSIWW02
PDFTWW01;666925.0
PDFTWW01;757838.0
PDFTWW01;PSMRGB02
PDFTWW01;2622917.0
PDFTWW01;971984.0
PDCRNL00;775308.0
PDFTWW01;687568.0
PDFTWW01;651624.0
PDCRNL00;494413.0
PDFTWW01;642020.0
PDFTWW01;774366.0
PGRAWW00;729231.0
PDFTWW01;323210.0
PDCRNL00;769147.0
PDFTWW01;628690.0
PDFTWW01;752277.0
PDFTWW01;669727.0
PDCRNL00;767662.0
PDFTWW01;1038994.0
PDFTWW01;777566.0
PIBKWW08;PIBKWW08
PCREWW07;PCREWW07
PDFTWW01;1091474.0
PDFTWW01;1344974.0
PDFTWW01;773190.0
PDFTWW01;707251.0
PSTDWW01;null
PDFTWW01;1115760.0
PDFTWW01;857039.0
PDFTWW01;323629.0
PDFTWW01;753158.0
PDFTWW01;356215.0
PDFTWW01;2006350.0
PDCRNL00;771724.0
PDFTWW01;750182.0
PDFTWW01;351409.0
PDFTWW01;1379836.0
PDCRNL00;508122.0
PDFTWW01;989251.0
PDFTWW01;PSURWW04
PDFTWW01;651620.0
PDFTWW01;1047515.0
PDFTWW01;772769.0
PDFTWW01;362340.0
PDFTWW01;2407671.0
PDFTWW01;921251.0
PDCRNL00;769178.0
PDFTWW01;642026.0
PDFTWW01;351063.0
PDFTWW01;PSMEFR04
PDFTWW01;1017402.0
PDFTWW01;905727.0
PDCRNL00;761049.0
PDFTWW01;993691.0
PDFTWW01;332712.0
PDCRNL00;765107.0
PDFTWW01;657630.0
PDFTWW01;752327.0
PDFTWW01;2062296.0
PDFTWW01;1075585.0
PDFTWW01;350516.0
PDFTWW01;631005.0
PDFTWW01;1114546.0
PDFTWW01;350625.0
PDCRNL00;764198.0
PDFTWW01;772897.0
PDFTWW01;937600.0
PDFTWW01;1068100.0
PDFTWW01;773552.0
PDFTWW01;658772.0
PDFTWW01;215682.0
PDFTWW01;655150.0
PDFTWW01;1938795.0
PDFTWW01;324395.0
PDFTWW01;884459.0
PDFTWW01;767326.0
PDFTWW01;1592100.0
PDFTWW01;1306446.0
PDFTWW01;657399.0
PDFTWW01;772514.0
PDFTWW01;1927622.0
PDFTWW01;2348698.0
PDFTWW01;2394798.0
PDFTWW01;549797.0
PDFTWW01;1047511.0
PDFTWW01;993711.0
PDFTWW01;PMBONL00
PDFTWW01;772754.0
PDFTWW01;2748079.0
PDFTWW01;1395229.0
PDFTWW01;1029122.0
PDFTWW01;688713.0
PDFTWW01;772886.0
PPRIWW00;768732.0
PDFTWW01;773166.0
PDFTWW01;635641.0
PPRIWW00;776755.0
PDFTWW01;686984.0
PDFTWW01;767207.0
PDFTWW01;857459.0
PDFTWW01;658155.0
PDCRNL00;520195.0
PGRAWW00;728925.0
PDFTWW01;PSMENL03
PDCRNL00;474261.0
PDFTWW01;775345.0
PDCRNL00;559737.0
PDFTWW01;975462.0
PDFTWW01;341456.0
PDFTWW01;2447296.0
PDFTWW01;1156231.0
PDFTWW01;351387.0
PDFTWW01;213710.0
PDFTWW01;2411193.0
PDFTWW01;976008.0
PDFTWW01;673188.0
PDFTWW01;2476643.0
PDFTWW01;775959.0
PDFTWW01;2859401.0
PDFTWW01;1960688.0
PDFTWW01;PMR
PDFTWW01;763638.0
PPRIWW00;PPRIWW00
PDFTWW01;1209893.0
PDFTWW01;2479897.0
PDFTWW01;772764.0
PDFTWW01;853440.0
PDFTWW01;777609.0
PDFTWW01;2427330.0
PDCRNL00;508938.0
PDCRNL00;766300.0
PDFTWW01;2436136.0
PDFTWW01;649935.0
PDFTWW01;1678298.0
PDFTWW01;PPRIWW07
PDFTWW01;775881.0
PDCRNL00;555395.0
PDFTWW01;1527285.0
PDFTWW01;1990166.0
PDCRNL00;768214.0
PDFTWW01;770816.0
PDFTWW01;1038766.0
PDFTWW01;362657.0
PDFTWW01;772436.0
PDFTWW01;773275.0
PDFTWW01;322170.0
PDCRNL00;759026.0
PSTDWW02;null
PDFTWW01;749627.0
PDFTWW01;776066.0
PDFTWW01;324616.0
PDFTWW01;1274453.0
PDCRNL00;532167.0
PDFTWW01;321798.0
PDFTWW01;947275.0
PDFTWW01;742306.0
PDFTWW01;1902794.0
PDCRNL00;530619.0
PGRAWW00;769334.0
PDFTWW01;1029139.0
PDFTWW01;756372.0
PDFTWW01;772737.0
PDFTWW01;768539.0
PDFTWW01;624257.0
PDFTWW01;1075555.0
PDFTWW01;2693593.0
PDFTWW01;1928624.0
PDFTWW01;2748078.0
PDCRNL00;775340.0
PDFTWW01;773115.0
PDFTWW01;756085.0
PDFTWW01;766834.0
PDFTWW01;630994.0
PDFTWW01;488943.0
PDIAWW04;PDIAWW04
PDFTWW01;635644.0
PDCRNL00;578997.0
PDFTWW01;1990156.0
PDCRNL00;768149.0
PDCRNL00;564908.0
PDFTWW01;2548549.0
PDFTWW01;773034.0
PDFTWW01;2777621.0
PDFTWW01;PDCRNL00
PFRRWW01;PFRRWW01
PDFTWW01;1344975.0
PDFTWW01;372346.0
PDFTWW01;753185.0
PDFTWW01;774691.0
PDFTWW01;773710.0
PDFTWW01;651638.0
PDFTWW01;371225.0
PDFTWW01;1114548.0
PDFTWW01;787016.0
PDFTWW01;510985.0
PDFTWW01;2240246.0
PDFTWW01;777401.0
PDFTWW01;321950.0
PDFTWW01;2100154.0
PBNDWW01;PBNDWW01
PREGWW02;PREGWW02
PDFTWW01;775891.0
PDFTWW01;PSMEFR03
PDFTWW01;2764149.0
PDFTWW01;773136.0
PDFTWW01;774994.0
PDFTWW01;2664078.0
PDFTWW01;772526.0
PDFTWW01;752978.0
PDFTWW01;658160.0
PDFTWW01;2387126.0
PDFTWW01;1902788.0
PDFTWW01;686978.0
PDCRNL00;770462.0
PDFTWW01;763748.0
PPRIWW00;770683.0
PDFTWW01;2566617.0
PDFTWW01;635656.0
PDFTWW01;null
PDFTWW01;651629.0
PDCRNL00;769088.0
PDFTWW01;629853.0
PDCRNL00;775717.0
PDFTWW01;640981.0
PDFTWW01;2797013.0
PDFTWW01;761858.0
PDFTWW01;773355.0
PDFTWW01;777565.0
PDCRNL00;770707.0
PDCRNL00;495082.0
PDFTWW01;768403.0
PDFTWW01;362728.0
PDFTWW01;651621.0
PDCRNL00;753659.0
PDFTWW01;1223495.0
PDFTWW01;1198476.0
PDFTWW01;2264964.0
PDFTWW01;777601.0
PDFTWW01;213597.0
PDFTWW01;213685.0
PDFTWW01;711695.0
PDFTWW01;772467.0
PDFTWW01;PCRSWW01
PDFTWW01;2407666.0
PDFTWW01;631001.0
PGRAWW00;667068.0
PDFTWW01;1544267.0
PDFTWW01;322395.0
PDFTWW01;923782.0
PDFTWW01;642025.0
PDFTWW01;PMASWW02
PDFTWW01;1990157.0
PDFTWW01;776242.0
PDCRNL00;493406.0
PDFTWW01;1230685.0
PDFTWW01;1902799.0
PDCRNL00;769265.0
PDFTWW01;1228789.0
PDFTWW01;899091.0
PDFTWW01;895020.0
PDFTWW01;1314297.0
PDFTWW01;772829.0
PDCRNL00;770091.0
PDCRNL00;525347.0
PDFTWW01;1068079.0
PDCRNL00;497642.0
PDFTWW01;1068099.0
PDFTWW01;2407669.0
PDFTWW01;1948312.0
PDFTWW01;719829.0
PDFTWW01;777615.0
PDCRNL00;537746.0
PDFTWW01;669433.0
PDFTWW01;635565.0
PDFTWW01;711697.0
PDCRNL00;524294.0
PDFTWW01;653003.0
PDFTWW01;2018569.0
PDFTWW01;777307.0
PDFTWW01;673187.0
PDCRNL00;481069.0
PDFTWW01;352443.0
PDFTWW01;362323.0
PDFTWW01;1088186.0
PDFTWW01;2407683.0
PDFTWW01;650363.0
PDFTWW01;983574.0
PDFTWW01;773039.0
PDCRNL00;510906.0
PDFTWW01;1029141.0
PDFTWW01;778696.0
PDFTWW01;937601.0
PDFTWW01;1527288.0
PGCGWW01;null
PDCRNL00;472717.0
PDFTWW01;937605.0
PDFTWW01;2244540.0
PDFTWW01;900746.0
PDFTWW01;772567.0
PDFTWW01;1088170.0
PDFTWW01;1228788.0
PDFTWW01;750122.0
PDFTWW01;2407693.0
PDFTWW01;2003503.0
PDFTWW01;1117017.0
PDFTWW01;2436126.0
PDCRNL00;764166.0
PDFTWW01;208384.0
PDFTWW01;2644266.0
PDFTWW01;1775052.0
PDFTWW01;352295.0
PDFTWW01;372061.0
PDFTWW01;744656.0
PDFTWW01;2603179.0
PDFTWW01;300466.0
PDFTWW01;720353.0
PDFTWW01;744328.0
PDFTWW01;773599.0
PDFTWW01;772723.0
PDFTWW01;2506491.0
PDFTWW01;1513030.0
PDCRNL00;503941.0
PDFTWW01;301847.0
PDFTWW01;1029142.0
PDFTWW01;923779.0
PDFTWW01;213717.0
PGRAWW00;744761.0
PDFTWW01;777619.0
PDFTWW01;765999.0
PDFTWW01;1105746.0
PDFTWW01;2755248.0
PDFTWW01;2277206.0
PDFTWW01;PNMAWW01
PDFTWW01;1088173.0
PDFTWW01;773224.0
PDFTWW01;752322.0
PDFTWW01;773428.0
PDCRNL00;572763.0
PDFTWW01;709351.0
PDFTWW01;2277203.0
PDFTWW01;636329.0
PDCRNL00;521356.0
PDFTWW01;316852.0
PPRIWW00;769815.0
PDFTWW01;773121.0
PDFTWW01;351452.0
PDCRNL00;510684.0
PDFTWW01;2407673.0
PDFTWW01;2411997.0
PDFTWW01;1782079.0
PDFTWW01;2862752.0
PDFTWW01;1297760.0
PDFTWW01;1104763.0
PDFTWW01;316855.0
PDFTWW01;1088177.0
PDFTWW01;PSHPWW01
PDFTWW01;2132503.0
PDCRNL00;549198.0
PDFTWW01;939660.0
PDFTWW01;772469.0
PCFPWW04;PCFPWW04
PDFTWW01;773061.0
PDFTWW01;650210.0
PDCRNL00;755754.0
PDFTWW01;632747.0
PDFTWW01;868874.0
PDFTWW01;1267806.0
PPRIWW00;561826.0
PDFTWW01;1995105.0
PDFTWW01;770388.0
PDFTWW01;886574.0
PDFTWW01;777627.0
PDFTWW01;643896.0
PPRIWW00;769079.0
PDFTWW01;1327914.0
PDFTWW01;653011.0
PDCRNL00;490351.0
PDFTWW01;1261738.0
PDFTWW01;721001.0
PDFTWW01;1029143.0
PDFTWW01;1271212.0
PDFTWW01;900745.0
PDCRNL00;564274.0
PDFTWW01;213589.0
PDFTWW01;332996.0
PDFTWW01;755897.0
PDCRNL00;759559.0
PDFTWW01;773269.0
PDFTWW01;747360.0
PDFTWW01;687785.0
PDFTWW01;209039.0
PDFTWW01;2558593.0
PDFTWW01;1029126.0
PDFTWW01;971553.0
PDFTWW01;352197.0
PDFTWW01;2630338.0
PPUBNL10;PPUBNL10
PDFTWW01;853441.0
PDFTWW01;PCREWW01
PDFTWW01;1114549.0
PFRRWW01;PDCRNL05
PDFTWW01;772478.0
PDFTWW01;976021.0
PDFTWW01;877236.0
PDFTWW01;750553.0
PDFTWW01;658159.0
PDFTWW01;993699.0
PDCRNL00;769628.0
PDFTWW01;773210.0
PDIAWW00;PGRAWW00
PDFTWW01;768417.0
PDFTWW01;1308630.0
PDFTWW01;322640.0
PDCRNL00;769375.0
PGRAWW00;743823.0
PDFTWW01;2407668.0
PDFTWW01;2869679.0
PDCRNL00;504631.0
PDCRNL00;768357.0
PDFTWW01;753632.0
PDFTWW01;770137.0
PDFTWW01;629826.0
PPRIWW00;770450.0
PDFTWW01;778473.0
PDFTWW01;2427326.0
PDCRNL00;537830.0
PDFTWW01;350645.0
PDFTWW01;330002.0
PDFTWW01;752693.0
PDFTWW01;2417833.0
PDFTWW01;744662.0
PDFTWW01;775992.0
PDFTWW01;766839.0
PDCRNL00;473896.0
PDCRNL00;772091.0
PDFTWW01;362324.0
PDFTWW01;773052.0
PDFTWW01;1960500.0
PDFTWW01;772525.0
PDFTWW01;324624.0
PDFTWW01;774403.0
PDFTWW01;775847.0
PDCRNL00;494950.0
PDFTWW01;2531084.0
PDFTWW01;PDCRNL04
PDCRNL00;753686.0
PDCRNL00;768348.0
PDFTWW01;352442.0
PGRAWW00;747262.0
PDFTWW01;1149533.0
PDFTWW01;293401.0
PDFTWW01;350932.0
PDFTWW01;2151057.0
PDCRNL00;775422.0
PDFTWW01;738053.0
PDFTWW01;775586.0
PDFTWW01;767358.0
PDFTWW01;1230682.0
PDFTWW01;628696.0
PDFTWW01;751421.0
PDFTWW01;867151.0
PDFTWW01;771845.0
PDFTWW01;PPPCNL01
PDFTWW01;766777.0
PDFTWW01;2161787.0
PDFTWW01;1990159.0
PDCRNL00;544940.0
PDFTWW01;987830.0
PDFTWW01;1159296.0
PDCRNL00;750485.0
PDFTWW01;990573.0
PDCRNL00;501168.0
PDFTWW01;486874.0
PDFTWW01;1762051.0
PDCRNL00;509505.0
PDFTWW01;750275.0
PDFTWW01;1759718.0
PDFTWW01;742166.0
PDFTWW01;787839.0
PDFTWW01;644551.0
PDFTWW01;1283615.0
PDFTWW01;2190916.0
PDFTWW01;777612.0
PDFTWW01;2310701.0
PDFTWW01;1075588.0
PDFTWW01;769267.0
PDFTWW01;1230690.0
PDFTWW01;2558592.0
PDFTWW01;321672.0
PDFTWW01;773442.0
PDCRNL00;768688.0
PDFTWW01;655143.0
PDFTWW01;1451010.0
PDCRNL00;766146.0
PDFTWW01;729195.0
PDFTWW01;754501.0
PDFTWW01;2118449.0
PDFTWW01;773000.0
